datetime,actual_price,predicted_price,signal,result,profit_loss
2025-04-18 22:12:58.291506,1.13873,1.1261882012557984,sell,open,
2025-04-18 22:13:58.588577,1.13874,1.126186183691025,sell,loss,-9.6
2025-04-18 22:14:59.028172,1.13873,1.1261846133184434,sell,loss,-9.5
2025-04-18 22:15:59.459204,1.13863,1.1261725703287129,sell,loss,-8.9
2025-04-18 22:17:00.037482,1.13863,1.1261696479797365,sell,loss,-9.8
2025-04-18 22:18:00.553043,1.13864,1.1261698143768313,sell,loss,-9.8
2025-04-18 22:19:00.997241,1.13876,1.126179756603241,sell,loss,-10.8
2025-04-18 22:20:01.363236,1.13877,1.1261817117691042,sell,loss,-9.7
2025-04-18 22:21:01.819490,1.13879,1.1261817221689223,sell,loss,-9.8
2025-04-18 22:22:02.344526,1.1387,1.12617166554451,sell,loss,-8.6
2025-04-18 22:23:02.839228,1.13887,1.1261805053901677,sell,loss,-11.5
2025-04-18 22:24:03.338587,1.13887,1.126179382209778,sell,loss,-9.7
2025-04-18 22:25:03.784952,1.13887,1.1261763350629808,sell,loss,-9.5
2025-04-25 20:21:00.629255,1.13853,1.1205538812303544,sell,open,
2025-04-25 20:22:00.999428,1.13698,1.1236946783924104,sell,loss,-2.8
2025-04-25 20:23:01.626691,1.13708,1.1236982351303102,sell,loss,-1.5
2025-04-25 20:24:02.282560,1.13732,1.1237179011869431,sell,loss,-2.9
2025-04-25 20:25:02.984485,1.137,1.1236771858978272,sell,profit,1.9
2025-04-25 20:26:03.696643,1.13688,1.123624219622612,sell,profit,0.3
2025-04-25 20:27:05.493764,1.13714,1.123613060617447,sell,loss,-3.5
2025-04-25 20:28:06.457763,1.13718,1.1236003104400636,sell,loss,-1.4
2025-04-25 20:29:07.046563,1.13689,1.1235517016887666,sell,profit,2.3
2025-04-25 20:30:07.715709,1.1368,1.1235131703615189,sell,loss,0.0
2025-04-25 20:31:08.297559,1.13668,1.123479235754013,sell,profit,0.4
2025-04-25 20:32:08.870458,1.13661,1.1234547753810884,sell,loss,-0.3
2025-04-25 20:33:09.496111,1.13669,1.1234486602878573,sell,loss,-1.9
2025-04-25 20:34:10.147231,1.13656,1.1234429611873629,sell,profit,0.5
2025-04-25 20:35:10.849531,1.13659,1.1234271326637268,sell,loss,-1.0
2025-04-25 20:36:11.467720,1.1363,1.1233721800231935,sell,profit,2.0
2025-04-25 20:37:12.084038,1.13622,1.1233416461563113,sell,loss,-0.1
2025-04-25 20:38:12.710725,1.13613,1.123317674574852,sell,loss,0.0
2025-04-25 20:39:13.269902,1.13609,1.123307971544266,sell,loss,-0.5
2025-04-25 20:40:14.147994,1.13615,1.1233227288866043,sell,loss,-1.6
2025-04-25 20:41:14.841244,1.13615,1.123351213989258,sell,loss,-0.4
2025-04-25 20:42:15.515185,1.13599,1.1233610938167573,sell,loss,-0.2
2025-04-25 20:43:16.262153,1.1362,1.1233858557844163,sell,loss,-2.3
2025-04-25 20:44:16.856371,1.13599,1.1233906085014345,sell,profit,1.2
2025-04-25 20:48:21.793490,1.13586,1.1234427323913576,sell,profit,0.4
2025-04-25 20:49:22.362432,1.13614,1.1234892195796968,sell,loss,-3.7
2025-04-25 20:50:22.922153,1.13645,1.1235620599079132,sell,loss,-4.0
2025-04-25 20:51:23.582944,1.13604,1.1236080791044236,sell,profit,3.3
2025-04-25 20:53:39.837511,1.13632,1.1236550030851364,sell,loss,-4.7
2025-04-25 20:54:40.445845,1.13631,1.1236959887695317,sell,loss,-1.0
2025-04-25 20:55:41.041679,1.13624,1.1237330017232896,sell,loss,-0.3
2025-04-25 20:56:41.702171,1.13636,1.1237714914512635,sell,loss,-2.1
2025-04-25 20:57:42.394126,1.13641,1.1238122587394717,sell,loss,-1.4
2025-04-25 20:58:43.051064,1.13666,1.1238629682540895,sell,loss,-3.3
2025-04-25 20:59:43.679099,1.13674,1.1239099858331685,sell,loss,-1.8
2025-04-25 21:01:15.538021,1.13689,1.1239807877969743,sell,loss,-2.4
2025-04-25 21:02:16.190707,1.13701,1.1239920715999605,sell,loss,-2.1
2025-04-25 21:03:16.799392,1.13733,1.1240354596424105,sell,loss,-3.7
2025-04-25 21:05:24.047543,1.13726,1.124036884417534,sell,loss,-0.5
2025-04-25 21:06:24.884376,1.13709,1.1240083473157885,sell,profit,0.8
2025-04-25 21:07:25.535235,1.13714,1.12400017305851,sell,loss,-1.5
2025-04-25 21:08:26.326968,1.13712,1.1239754734897616,sell,loss,-0.7
2025-04-25 21:09:26.950088,1.13732,1.1239736119222643,sell,loss,-3.2
2025-04-25 21:17:11.117185,1.13761,1.123964678478241,sell,loss,-3.5
2025-04-25 21:18:11.766425,1.13787,1.1239777302503586,sell,loss,-3.5
2025-04-25 21:19:12.534309,1.13788,1.1239500771331787,sell,loss,-1.1
2025-04-25 21:20:13.099671,1.13795,1.1239252839660645,sell,loss,-1.5
2025-04-25 21:21:13.718270,1.13815,1.1239037667417529,sell,loss,-2.9
2025-04-25 21:22:14.433322,1.13798,1.1238519444465638,sell,profit,0.8
2025-04-25 21:23:15.061903,1.13792,1.1237916982984544,sell,loss,-0.3
2025-04-25 21:24:15.755421,1.13799,1.1237182027816774,sell,loss,-1.5
2025-04-25 21:25:16.386162,1.13798,1.1236659124946595,sell,loss,-0.9
2025-04-25 21:26:17.035799,1.13786,1.1236091918849946,sell,profit,0.3
2025-04-25 21:27:17.736670,1.13802,1.123556995196343,sell,loss,-2.5
2025-04-27 18:05:13.523546,1.13611,1.124491231684685,sell,hold,
2025-04-27 18:06:13.854048,1.13611,1.124491231684685,sell,hold,
2025-04-27 18:07:14.136011,1.13611,1.124491231684685,sell,hold,
2025-04-28 13:19:55.931548,1.13611,1.124491231684685,sell,open,
2025-04-28 13:20:56.511311,1.13502,1.1252338099193575,sell,profit,0.6
2025-04-28 13:21:57.185410,1.135,1.125187093935013,sell,loss,-0.7
2025-04-28 13:22:57.793738,1.13517,1.125171930999756,sell,loss,-2.6
2025-04-28 13:23:58.251064,1.13539,1.1251851595687867,sell,hold,
2025-04-28 13:24:58.422795,1.13539,1.1251851595687867,sell,hold,
2025-04-28 13:25:58.580218,1.13539,1.1251851595687867,sell,hold,
2025-05-02 14:09:53.330969,1.13278,1.1260377990818025,sell,open,
2025-05-02 14:10:53.785328,1.13292,1.1260456613445284,sell,loss,-1.0
2025-05-02 14:11:54.886104,1.13298,1.1260439661741255,sell,loss,-1.5
2025-05-02 14:12:55.897664,1.13285,1.1260334623575212,sell,profit,0.4
2025-05-02 14:13:56.611780,1.13284,1.1260235201311113,sell,loss,-0.8
2025-05-02 14:14:57.635407,1.13302,1.126023884124756,sell,loss,-2.8
2025-05-02 14:15:58.920279,1.13303,1.1260365927028655,sell,loss,-0.8
2025-05-02 14:17:00.829722,1.13298,1.1260380278778075,sell,loss,-0.4
2025-05-02 14:18:02.333863,1.1331,1.126050351662636,sell,loss,-2.2
2025-05-02 14:19:04.245589,1.13298,1.1260352719259263,sell,profit,0.1
2025-05-02 14:20:05.474412,1.13324,1.1260571011447909,sell,loss,-3.2
2025-05-02 14:21:06.711804,1.1334,1.126090328564644,sell,loss,-2.5
2025-05-02 14:22:07.506485,1.13322,1.1260816759157182,sell,profit,0.9
2025-05-02 14:22:56.028464,1.13333,1.126087239818573,sell,open,
2025-05-02 14:23:56.415395,1.13324,1.1260622594547274,sell,loss,-1.3
2025-05-02 14:24:57.072775,1.13311,1.1260382150745394,sell,open,
2025-05-02 14:25:57.641862,1.13306,1.1260105099582671,sell,loss,-0.4
2025-05-02 14:26:58.377787,1.13313,1.1259917694854735,sell,loss,-1.6
2025-05-02 14:27:59.222048,1.13337,1.1259957422161104,sell,loss,-3.2
2025-05-02 14:28:59.978485,1.13336,1.1260134011077882,sell,loss,-0.9
2025-05-02 14:29:36.661322,1.13336,1.1260251633024216,sell,open,
2025-05-02 14:30:37.134793,1.13327,1.1260022941017152,sell,loss,0.0
2025-05-02 14:31:38.127170,1.13335,1.1259984149694444,sell,loss,-1.7
2025-05-02 14:32:39.029265,1.13315,1.1259800696897508,sell,profit,1.1
2025-05-02 14:33:39.793189,1.13296,1.1259355584669115,sell,profit,1.0
2025-05-02 14:34:40.639842,1.13298,1.12589935669899,sell,loss,-1.1
2025-05-02 14:35:41.414132,1.13288,1.1258727331638338,sell,profit,0.2
2025-05-02 14:36:42.352758,1.13272,1.1258505815505984,sell,profit,0.6
2025-05-02 14:37:43.469279,1.13269,1.1258268075656892,sell,loss,-0.7
2025-05-02 14:38:44.200730,1.13295,1.1258406497240068,sell,loss,-3.4
2025-05-02 14:39:45.352739,1.13303,1.1258576118278505,sell,loss,-1.7
2025-05-02 14:40:46.265699,1.13291,1.1258746779298785,sell,profit,0.3
2025-05-02 14:41:47.194975,1.13292,1.125880501828194,sell,loss,-1.0
2025-05-02 14:42:47.980202,1.1328,1.125866482872963,sell,profit,0.3
2025-05-02 14:43:49.234163,1.13276,1.125833952240944,sell,loss,-0.5
2025-05-02 14:44:50.273302,1.13264,1.12581574215889,sell,profit,0.3
2025-05-02 14:45:51.643292,1.13293,1.1258288979291915,sell,loss,-3.7
2025-05-02 14:46:52.628439,1.13277,1.1258362610006334,sell,loss,0.0
2025-05-02 14:47:53.671787,1.13277,1.1258341082382204,sell,loss,-0.2
2025-05-02 14:48:55.031284,1.13271,1.1258312066888811,sell,loss,-0.7
2025-05-02 14:49:56.014348,1.13271,1.1258277955484393,sell,loss,-0.9
2025-05-02 14:50:57.075864,1.1328,1.1258297403144837,sell,loss,-1.7
2025-05-02 14:51:58.066820,1.13272,1.125834326634407,sell,loss,-0.2
2025-05-02 14:52:58.616626,1.13278,1.12583964094162,sell,loss,-2.3
2025-05-09 08:40:15.301479,1.12258,1.120817095434666,sell,open,
2025-05-09 08:41:15.688237,1.12241,1.1208265332698824,sell,profit,0.8
2025-05-13 23:04:05.425948,1.11732,1.1163292981910706,sell,open,
2025-05-13 23:05:05.979397,1.11724,1.1163332189226152,sell,loss,-0.1
2025-05-13 23:06:06.589373,1.11723,1.116330473370552,sell,loss,-0.7
2025-05-13 23:07:07.373664,1.11725,1.116328362207413,sell,loss,-1.0
2025-05-13 23:08:08.114811,1.11709,1.1163026278567316,sell,profit,0.3
2025-05-13 23:09:08.864609,1.11707,1.116287376523018,sell,loss,-0.5
2025-05-13 23:10:09.555265,1.11703,1.11626313454628,sell,loss,-0.5
2025-05-13 23:11:10.220762,1.117,1.116240254945755,sell,loss,-0.5
2025-05-13 23:12:10.887762,1.11682,1.1162138498067855,sell,profit,0.8
2025-05-13 23:13:11.609834,1.11695,1.1162141982007028,sell,loss,-2.2
2025-05-13 23:14:12.370088,1.11704,1.1162222476601602,sell,loss,-1.8
2025-05-13 23:15:13.024267,1.1171,1.1162396777558328,sell,loss,-1.5
2025-05-13 23:16:13.740576,1.11704,1.1162475556182865,sell,loss,-0.3
2025-05-13 23:17:14.422589,1.11703,1.116241710920334,sell,loss,-0.8
2025-05-13 23:18:15.039224,1.11717,1.1162510811567308,sell,loss,-2.3
2025-05-13 23:19:15.623881,1.11736,1.1162911308574677,sell,loss,-2.8
2025-05-13 23:20:16.205051,1.11751,1.1163422615647316,sell,loss,-2.4
2025-05-13 23:21:17.489068,1.1174,1.1163616468262674,sell,profit,0.2
2025-05-13 23:22:18.150149,1.11758,1.1163977861952783,sell,loss,-3.3
2025-05-13 23:23:18.783447,1.11759,1.1164278156709673,sell,loss,-0.5
2025-05-13 23:24:19.427287,1.11772,1.11648408908844,sell,loss,-2.1
2025-05-13 23:25:20.005989,1.11772,1.116523982791901,sell,loss,-0.5
2025-05-13 23:26:20.634739,1.11781,1.1165519115042688,sell,loss,-2.0
2025-05-13 23:27:21.358014,1.11786,1.1165971767139435,sell,loss,-1.4
2025-05-13 23:28:22.056239,1.11777,1.116615865187645,sell,loss,-0.6
2025-05-13 23:29:22.786147,1.11777,1.1166575684595108,sell,loss,-0.3
2025-05-13 23:30:23.350534,1.11767,1.1166643803405762,sell,profit,0.1
2025-05-13 23:31:23.848754,1.11771,1.116686386356354,sell,loss,-1.3
2025-05-13 23:32:24.358764,1.11776,1.1166885755181313,sell,loss,-1.4
2025-05-13 23:33:24.839620,1.11802,1.1167494664549829,sell,loss,-3.5
2025-05-13 23:34:25.498276,1.11775,1.116778804342747,sell,profit,1.6
2025-05-13 23:35:26.070833,1.11768,1.1167908993315698,sell,loss,0.0
2025-05-13 23:36:26.665049,1.11759,1.1167842174482348,sell,loss,0.0
2025-05-13 23:37:27.161322,1.11763,1.116771139676571,sell,loss,-1.3
2025-05-13 23:38:27.625337,1.11768,1.1167788147425652,sell,loss,-1.4
2025-05-13 23:39:28.195589,1.11784,1.116804829888344,sell,loss,-2.5
2025-05-13 23:40:28.742024,1.11784,1.116833179793358,sell,loss,-0.9
2025-05-13 23:41:29.250672,1.11788,1.116866105618477,sell,loss,-1.3
2025-05-13 23:42:29.835650,1.11792,1.1168920635652544,sell,loss,-1.3
2025-05-13 23:43:30.453465,1.11768,1.11687194511652,sell,profit,1.5
2025-05-13 23:44:30.959189,1.11752,1.116827069900036,sell,profit,0.7
2025-05-13 23:45:31.585423,1.11755,1.1168009195566178,sell,loss,-1.2
2025-05-13 23:46:32.113974,1.11771,1.1168067434549334,sell,loss,-2.5
2025-05-13 23:47:32.745114,1.11802,1.1168443075990675,sell,loss,-4.0
2025-05-13 23:48:33.339881,1.11806,1.1169202990722658,sell,loss,-1.4
2025-05-13 23:49:34.054899,1.11803,1.1169600263786317,sell,loss,-0.5
2025-05-13 23:50:34.667124,1.11812,1.1170037108159063,sell,loss,-1.8
2025-05-13 23:51:36.465152,1.11807,1.1170181821632386,sell,loss,-0.4
2025-05-13 23:52:38.383706,1.11814,1.1170299079585075,sell,loss,-1.6
2025-05-13 23:53:39.871865,1.11811,1.1170528655576708,sell,loss,-0.7
2025-05-13 23:54:43.126237,1.11807,1.1170612374114992,sell,loss,-0.4
2025-05-13 23:55:43.632914,1.11807,1.117077263531685,sell,loss,-0.9
2025-05-13 23:56:44.145833,1.11801,1.117083498222828,sell,loss,-0.3
2025-05-13 23:57:44.734872,1.11806,1.1170904921007156,sell,loss,-1.3
2025-05-13 23:58:45.287842,1.11789,1.117096627993584,sell,profit,0.6
2025-05-13 23:59:45.903185,1.11785,1.1170881833410264,sell,loss,-0.4
2025-05-14 00:00:46.479944,1.11799,1.117079957084656,sell,loss,-2.3
2025-05-14 00:01:47.127649,1.11799,1.117086098177433,sell,loss,-0.9
2025-05-14 00:02:47.833313,1.11805,1.117093237652779,sell,loss,-1.7
2025-05-14 00:03:48.553276,1.11806,1.1171175212287905,sell,loss,-0.7
2025-05-14 00:04:49.222595,1.11806,1.1171363189005852,sell,loss,-1.0
2025-05-14 00:05:49.936720,1.11809,1.1171432087802888,sell,loss,-1.2
2025-05-14 00:06:50.593148,1.11835,1.117166514773369,sell,loss,-3.5
2025-05-14 00:07:51.219539,1.11836,1.1171942094898224,sell,loss,-1.0
2025-05-14 00:08:52.002926,1.11823,1.1172195434474943,sell,profit,0.4
2025-05-14 00:09:52.650690,1.11829,1.117234591984749,sell,loss,-1.5
2025-05-14 00:10:53.405914,1.11832,1.1172483301448823,sell,loss,-1.2
2025-05-14 00:11:54.100381,1.11832,1.1172593747520447,sell,loss,-0.9
2025-05-14 00:12:55.198608,1.11844,1.1172851247024538,sell,loss,-2.1
2025-05-14 00:13:55.918600,1.11843,1.1173091482830049,sell,loss,-0.8
2025-05-14 00:14:56.635445,1.11824,1.1173189033126831,sell,profit,1.0
2025-07-16 09:06:30.540377,1.16118,1.0789177245926858,sell,open,
2025-07-16 09:07:45.917960,1.16109,1.0789281140112876,sell,open,
2025-07-16 09:07:51.673356,1.16108,1.078928389606476,sell,open,
2025-07-16 09:07:57.108648,1.16105,1.0789292215919497,sell,open,
2025-07-16 09:08:02.353237,1.16105,1.0789377338433266,sell,hold,
2025-07-16 09:08:07.892489,1.16107,1.0789371774530412,sell,open,
2025-07-16 09:08:13.337251,1.16106,1.0789374582481384,sell,open,
2025-07-16 09:08:19.127321,1.16106,1.0789374582481384,sell,open,
2025-07-16 09:08:24.580636,1.16107,1.0789371774530412,sell,open,
2025-07-16 09:08:30.081184,1.16114,1.0789352378869057,sell,open,
2025-07-16 09:08:35.611484,1.16114,1.0789352378869057,sell,open,
2025-07-16 09:08:41.089919,1.16115,1.0789349674916269,sell,open,
2025-07-16 09:08:46.573920,1.16114,1.0789352378869057,sell,loss,-1.2
2025-07-16 09:08:52.439703,1.16112,1.078935794277191,sell,open,
2025-07-16 09:08:57.982102,1.16113,1.078935518682003,sell,open,
2025-07-16 09:09:03.237726,1.16113,1.0789417845726013,sell,hold,
2025-07-16 09:09:08.701740,1.1611,1.0789426217579845,sell,open,
2025-07-16 09:09:14.206421,1.16111,1.0789423409628869,sell,loss,-1.1
2025-07-16 09:09:20.331063,1.16111,1.0789423409628869,sell,loss,-1.1
2025-07-16 09:09:26.234593,1.16111,1.0789423409628869,sell,loss,-1.1
2025-07-16 09:09:32.152487,1.16111,1.0789423409628869,sell,open,
2025-07-16 09:09:37.436644,1.1611,1.0789426217579845,sell,hold,
2025-07-16 09:09:42.559213,1.1611,1.0789426217579845,sell,hold,
2025-07-16 09:09:47.674858,1.1611,1.0789426217579845,sell,hold,
2025-07-16 09:09:52.792540,1.1611,1.0789426217579845,sell,hold,
2025-07-16 09:09:57.918570,1.1611,1.0789426217579845,sell,hold,
2025-07-16 09:11:52.605434,1.1611,1.0789426217579845,sell,open,
2025-07-16 09:12:52.854084,1.161,1.0789688085007667,sell,hold,
2025-07-16 09:14:10.028440,1.16102,1.0789836958408356,sell,loss,-1.5
2025-07-16 09:15:10.499046,1.16096,1.0789959572267531,sell,loss,0.0
2025-07-16 09:16:11.347415,1.16095,1.0790060086512565,sell,loss,-0.5
2025-07-16 09:17:12.161945,1.16094,1.0790150824928284,sell,loss,-0.6
2025-07-16 09:18:12.953296,1.16076,1.0790378840947152,sell,profit,1.2
2025-07-16 09:19:13.726369,1.16079,1.0790496670889855,sell,loss,-1.0
2025-07-16 09:20:14.594587,1.16082,1.079063384449482,sell,loss,-0.9
2025-07-16 09:21:15.371762,1.16089,1.079070981516838,sell,loss,-1.3
2025-07-16 09:22:16.244228,1.16098,1.079074839849472,sell,loss,-1.6
2025-07-16 09:23:17.076015,1.16094,1.0790812513375283,sell,loss,-0.3
2025-07-16 09:24:18.191509,1.16088,1.079089155199528,sell,loss,0.0
2025-07-16 09:25:18.948996,1.16095,1.0790906475734712,sell,loss,-1.4
2025-07-16 09:26:19.750374,1.16092,1.079093439924717,sell,loss,-0.3
2025-07-16 09:27:20.641176,1.16097,1.0790938247179986,sell,loss,-1.1
2025-07-16 09:29:19.577007,1.16105,1.07909210354805,sell,loss,-1.5
2025-07-16 09:30:20.213557,1.16111,1.079088172416687,sell,hold,
2025-07-16 09:31:21.055495,1.16111,1.0790841580867767,sell,open,
2025-07-16 09:32:21.445419,1.16108,1.0790820469236375,sell,loss,-0.3
2025-07-16 09:33:22.095440,1.16105,1.0790799149608612,sell,loss,-0.3
2025-07-16 09:34:22.793992,1.16101,1.0790807365465165,sell,loss,-0.3
2025-07-16 09:35:23.615519,1.16119,1.079070856719017,sell,loss,-2.4
2025-07-16 09:36:24.372356,1.16114,1.0790691615486143,sell,loss,-0.2
2025-07-16 09:37:24.988947,1.16121,1.0790619336748124,sell,loss,-1.3
2025-07-16 09:38:25.700331,1.16123,1.0790554805874826,sell,loss,-0.8
2025-07-16 09:39:26.493355,1.16126,1.0790483827114106,sell,loss,-1.0
2025-07-16 09:40:27.201030,1.16125,1.079041222436428,sell,loss,-0.5
2025-07-16 09:41:27.819936,1.16119,1.0790392048716546,sell,open,
2025-07-16 09:42:28.429120,1.16115,1.0790376916980744,sell,loss,-0.2
2025-07-16 09:43:29.564855,1.16112,1.0790373797035218,sell,loss,-0.3
2025-07-16 09:44:30.993916,1.16114,1.0790387004804611,sell,loss,-1.3
2025-07-16 09:46:14.879170,1.16123,1.0790359653282169,buy,hold,
2025-07-16 09:47:14.997402,1.16115,1.0790407076454165,buy,hold,
2025-07-16 09:48:15.119857,1.16121,1.079039782061577,buy,hold,
2025-07-16 09:49:15.239467,1.16114,1.0790426680111884,buy,hold,
2025-07-16 09:50:15.358965,1.16121,1.0790398808598518,buy,hold,
2025-07-16 09:51:15.468729,1.16115,1.0790412744355202,buy,hold,
2025-07-16 09:52:15.595907,1.16124,1.0790369741106034,buy,hold,
2025-07-16 20:59:32.859287,1.16123,1.0790372549057008,sell,hold,
2025-07-16 21:00:31.381750,1.169,1.0766231034564973,sell,hold,
2025-07-16 21:02:33.896494,1.17196,1.076043258980513,sell,hold,
2025-07-16 21:03:59.477373,1.17011,1.0756137282800675,sell,hold,
2025-07-16 21:04:59.550845,1.1701,1.0752441083335875,sell,hold,
2025-07-16 21:05:59.620635,1.16997,1.075248377459049,sell,hold,
2025-07-16 21:07:30.169767,1.17021,1.0749557837677002,sell,hold,
2025-07-16 21:08:30.252874,1.16933,1.074891151496172,sell,hold,
2025-07-16 21:09:10.266149,1.16933,1.074891151496172,sell,hold,
2025-07-16 21:10:08.202842,1.16984,1.0747748711264131,sell,hold,
2025-07-16 21:10:13.272275,1.17051,1.074639462890625,sell,hold,
2025-07-16 21:10:18.353849,1.17067,1.074634135583639,sell,hold,
2025-07-16 21:10:23.430172,1.17084,1.0746284676826,sell,hold,
2025-07-16 21:10:28.499840,1.17114,1.074618460457325,sell,hold,
2025-07-16 21:10:33.573280,1.17097,1.0746241335582734,sell,hold,
2025-07-16 21:10:38.644535,1.17113,1.0746187932515143,sell,hold,
2025-07-16 21:10:43.719946,1.17094,1.0746251345407962,sell,hold,
2025-07-16 21:10:48.795432,1.17037,1.074644124609232,sell,hold,
2025-07-16 21:10:53.860302,1.17063,1.0746354693603517,sell,hold,
2025-07-16 21:10:58.928645,1.17043,1.0746421278440952,sell,hold,
2025-07-16 21:11:04.003547,1.17047,1.0745273580479622,sell,hold,
2025-07-16 21:11:09.081186,1.17068,1.0745203329706192,sell,hold,
2025-07-16 21:11:14.155309,1.17062,1.0745223375356197,sell,hold,
2025-07-16 21:11:19.230262,1.17052,1.0745256888771058,sell,hold,
2025-07-16 21:11:24.304644,1.1704,1.074529703207016,sell,hold,
2025-07-16 21:11:29.380752,1.17037,1.0745307015895844,sell,hold,
2025-07-16 21:11:34.458095,1.17028,1.074533712337017,sell,hold,
2025-07-16 21:11:39.533519,1.17014,1.0745383896553518,sell,hold,
2025-07-16 21:11:44.634502,1.16991,1.0745460725212097,sell,hold,
2025-07-16 21:11:49.715190,1.16971,1.0745527492046356,sell,hold,
2025-07-16 21:11:54.787696,1.16981,1.0745494134628772,sell,hold,
2025-07-16 21:11:59.858993,1.17017,1.074442591727972,sell,hold,
2025-07-16 21:12:04.934594,1.17026,1.074439583580494,sell,hold,
2025-07-16 21:12:10.011736,1.16988,1.07445228435874,sell,hold,
2025-07-16 21:12:15.086094,1.16969,1.0744586282479762,sell,hold,
2025-07-16 21:12:20.159798,1.16945,1.0744666387081143,sell,hold,
2025-07-16 21:12:25.230276,1.16963,1.0744606302130222,sell,hold,
2025-07-16 21:12:30.308683,1.16956,1.0744629701721669,sell,hold,
2025-07-16 21:12:35.392373,1.16948,1.0744656403255464,sell,hold,
2025-07-16 21:12:40.475235,1.16938,1.07446897346735,sell,hold,
2025-07-16 21:12:45.564336,1.16908,1.0744789754927158,sell,hold,
2025-07-16 21:12:50.641449,1.16888,1.0744856391763686,sell,hold,
2025-07-16 21:12:55.716850,1.16882,1.07448763854146,sell,hold,
2025-07-16 21:13:00.798081,1.16873,1.0744599256253242,sell,hold,
2025-07-16 21:13:05.870437,1.16874,1.0744595954310894,sell,hold,
2025-07-16 21:13:10.943010,1.16888,1.0744549701118469,sell,hold,
2025-07-16 21:13:16.015677,1.16888,1.0744549701118469,sell,hold,
2025-07-16 21:13:21.088286,1.16874,1.0744595954310894,sell,hold,
2025-07-16 21:13:26.161442,1.16876,1.0744589324426652,sell,hold,
2025-07-16 21:13:31.236539,1.1687,1.0744609136080745,sell,hold,
2025-07-16 21:13:36.316576,1.16874,1.0744595954310894,sell,hold,
2025-07-16 21:13:41.390690,1.16892,1.0744536493349075,sell,hold,
2025-07-16 21:13:46.465102,1.16931,1.0744407509601115,sell,hold,
2025-07-16 21:13:51.534459,1.16926,1.074442407131195,sell,hold,
2025-07-16 21:13:56.608266,1.16929,1.074441419148445,sell,hold,
2025-07-16 21:14:01.681416,1.1692,1.074403839404583,sell,hold,
2025-07-16 21:14:06.754198,1.16902,1.074409777700901,sell,hold,
2025-07-16 21:14:11.829925,1.16925,1.0744021962332726,sell,hold,
2025-07-16 21:14:16.902714,1.16916,1.0744051601815223,sell,hold,
2025-07-16 21:14:21.981006,1.16896,1.0744117510664464,sell,hold,
2025-07-16 21:14:27.054116,1.1689,1.0744137270319465,sell,hold,
2025-07-16 21:14:32.128680,1.16899,1.0744107578837871,sell,hold,
2025-07-16 21:14:37.205254,1.16895,1.0744120786607263,sell,hold,
2025-07-16 21:14:42.275862,1.16895,1.0744120786607263,sell,hold,
2025-07-16 21:14:47.343722,1.16896,1.0744117510664464,sell,hold,
2025-07-16 21:14:52.413495,1.16888,1.0744143848204613,sell,hold,
2025-07-16 21:14:57.485608,1.16892,1.074413069243431,sell,hold,
2025-07-16 21:15:02.559032,1.16877,1.074388268276453,sell,hold,
2025-07-16 21:15:07.640286,1.16866,1.0743918874132634,sell,hold,
2025-07-16 21:15:12.712621,1.16873,1.074389586453438,sell,hold,
2025-07-16 21:15:17.789428,1.16868,1.074391232224703,sell,hold,
2025-07-16 21:15:22.874591,1.16924,1.0743727803468703,sell,hold,
2025-07-16 21:15:27.947850,1.16891,1.0743836559569837,sell,hold,
2025-07-16 21:15:33.036435,1.16899,1.0743810222029686,sell,hold,
2025-07-16 21:15:38.115996,1.16923,1.0743731079411507,sell,hold,
2025-07-16 21:15:43.190927,1.16924,1.0743727803468703,sell,hold,
2025-07-16 21:15:48.255483,1.1691,1.0743773978662492,sell,hold,
2025-07-16 21:15:53.343223,1.16898,1.0743813497972488,sell,hold,
2025-07-16 21:15:58.420265,1.16908,1.0743780530548095,sell,hold,
2025-07-16 21:16:03.495859,1.16893,1.0743557324445248,sell,hold,
2025-07-16 21:16:08.580636,1.16873,1.0743623389291763,sell,hold,
2025-07-16 21:16:13.647996,1.16873,1.0743623389291763,sell,hold,
2025-07-16 21:16:18.723848,1.1688,1.0743600275695324,sell,hold,
2025-07-16 21:16:23.815244,1.16825,1.074378177852631,sell,hold,
2025-07-16 21:21:01.280876,1.168,1.0744799244761467,sell,hold,
2025-07-16 21:21:06.358693,1.1677,1.0745210141587258,sell,hold,
2025-07-16 21:21:11.865166,1.16751,1.0745272124505043,sell,open,
2025-07-16 21:21:17.154522,1.1672,1.0745373106741904,sell,hold,
2025-07-16 21:21:22.392419,1.16748,1.0745281926333905,sell,hold,
2025-07-16 21:21:28.054175,1.16734,1.0745327503538131,sell,open,
2025-07-16 21:21:34.791885,1.16727,1.0745350357139112,sell,hold,
2025-07-16 21:21:40.356624,1.16712,1.074539921028614,sell,open,
2025-07-16 21:21:46.333252,1.16715,1.074538940845728,sell,open,
2025-07-16 21:21:51.880272,1.16704,1.0745425209832191,sell,open,
2025-07-16 21:21:57.369242,1.16698,1.0745444787490368,sell,open,
2025-07-16 21:22:02.839502,1.16697,1.074597276027203,sell,profit,8.2
2025-07-16 21:22:09.446694,1.16695,1.074597923415899,sell,hold,
2025-07-16 21:22:16.301724,1.16664,1.0746079670405388,sell,hold,
2025-07-16 21:22:22.298805,1.16655,1.0746108737897873,sell,hold,
2025-07-16 21:22:27.583348,1.16653,1.074611521178484,sell,hold,
2025-07-16 21:22:33.218829,1.16661,1.0746089316236973,sell,hold,
2025-07-16 21:22:39.502768,1.16657,1.0746102290010453,sell,open,
2025-07-16 21:22:45.021607,1.16672,1.0746053722858429,sell,open,
2025-07-16 21:22:50.512477,1.16667,1.0746069894576074,sell,loss,-4.9
2025-07-16 21:22:55.954919,1.1666,1.0746092592179777,sell,loss,-6.5
2025-07-16 21:23:01.426619,1.16665,1.0746745518779754,sell,profit,2.2
2025-07-16 21:23:08.005726,1.16686,1.074667797195911,sell,profit,0.5
2025-07-16 21:23:13.990017,1.16702,1.0746626440858842,sell,loss,-7.9
2025-07-16 21:23:19.572186,1.16709,1.0746603847253322,sell,loss,-9.9
2025-07-16 21:23:26.379488,1.16716,1.0746581305646896,sell,loss,-8.7
2025-07-16 21:23:31.587749,1.16721,1.074656521192789,sell,hold,
2025-07-16 21:23:36.656226,1.16736,1.0746516852772237,sell,hold,
2025-07-16 21:23:41.726915,1.16737,1.074651360282898,sell,hold,
2025-07-16 21:23:47.658262,1.16729,1.0746539394378662,sell,loss,-6.6
2025-07-16 21:23:53.293203,1.16729,1.0746539394378662,sell,hold,
2025-07-16 21:23:58.551954,1.16743,1.074649431116581,sell,hold,
2025-07-16 21:24:03.822605,1.16758,1.0746689801752567,sell,hold,
2025-07-16 21:24:09.337850,1.16758,1.0746689801752567,sell,hold,
2025-07-16 21:24:14.871552,1.1676,1.07466833278656,sell,hold,
2025-07-16 21:24:20.566540,1.1676,1.07466833278656,sell,hold,
2025-07-16 21:24:26.527204,1.16735,1.0746764108455182,sell,loss,-2.0
2025-07-16 21:24:32.820112,1.16756,1.0746696223640442,sell,open,
2025-07-16 21:24:37.885298,1.16778,1.0746625088882449,sell,hold,
2025-07-16 21:24:43.638789,1.16752,1.0746709171414377,sell,hold,
2025-07-16 21:24:49.226061,1.16739,1.0746751186680794,sell,open,
2025-07-16 21:24:54.950046,1.16684,1.074692871158123,sell,hold,
2025-07-16 21:25:00.197429,1.16655,1.0747671102619172,sell,hold,
2025-07-16 21:25:05.478518,1.16634,1.0747738493442536,sell,hold,
2025-07-16 21:25:12.064181,1.16663,1.0747645415067673,sell,hold,
2025-07-16 21:25:19.656220,1.1613,1.0749341209459304,sell,hold,
2025-07-16 21:25:28.216158,1.16369,1.0748584934663772,sell,hold,
2025-07-16 21:25:37.415007,1.16414,1.0748441781163216,sell,hold,
2025-07-16 21:25:49.016208,1.16222,1.0749050872528554,sell,hold,
2025-07-16 21:25:55.651005,1.16176,1.0749196183991432,sell,hold,
2025-07-16 21:26:03.986110,1.16141,1.0751638243353367,sell,hold,
2025-07-16 21:26:13.609020,1.16208,1.0751433340930938,sell,hold,
2025-07-16 21:26:22.482091,1.16212,1.0751421069145204,sell,hold,
2025-07-16 21:26:29.228153,1.16287,1.0751191025161744,sell,hold,
2025-07-16 21:26:38.587500,1.16357,1.0750975696921348,sell,hold,
2025-07-16 21:26:46.389387,1.16258,1.0751280099606515,sell,hold,
2025-07-16 21:26:52.872862,1.16299,1.075115418380499,sell,open,
2025-07-16 21:27:01.325203,1.16227,1.0751375153946876,sell,hold,
2025-07-16 21:27:07.713220,1.16203,1.0753328135848046,sell,hold,
2025-07-16 21:27:13.095999,1.16209,1.0753310092163086,sell,hold,
2025-07-16 21:27:18.377503,1.16169,1.0753430522060394,sell,hold,
2025-07-16 21:27:23.591620,1.16225,1.075326186300516,sell,hold,
2025-07-16 21:27:28.831922,1.16309,1.075300818543434,sell,hold,
2025-07-16 21:27:33.938892,1.16314,1.075299305369854,sell,hold,
2025-07-16 21:27:39.012787,1.16314,1.075299305369854,sell,hold,
2025-07-16 21:27:44.076886,1.16314,1.075299305369854,sell,hold,
2025-07-16 21:27:49.156322,1.16314,1.075299305369854,sell,hold,
2025-07-16 21:29:08.596782,1.16943,1.074981434919834,sell,hold,
2025-07-16 21:29:13.875756,1.16254,1.0756526704001428,sell,hold,
2025-07-16 21:29:23.119462,1.16213,1.075665131982565,sell,hold,
2025-07-16 21:29:34.951868,1.16247,1.0756547971630095,sell,hold,
2025-07-16 21:29:45.489932,1.16235,1.0756584474992752,sell,hold,
2025-07-16 21:29:54.892847,1.16278,1.0756453645277024,sell,hold,
2025-07-17 22:05:13.356014,1.16194,1.0763033870387078,sell,hold,
2025-07-17 22:05:37.595035,1.1599,1.0799423147034646,sell,hold,
2025-07-17 22:05:43.367293,1.15978,1.0799455074477196,sell,open,
2025-07-17 22:05:49.106804,1.15969,1.0799479046058655,sell,open,
2025-07-17 22:05:54.904697,1.15965,1.0799489601874352,sell,open,
2025-07-17 22:19:51.325710,1.15967,1.0799539677000045,sell,open,
